1, Main Program to Call PFO Program, 1, 1, 27
2, Main Program to Call PFO Program, 1, 1, 27
3, SP90H2H3H4, 26, 1, 297
3, SP90H2H3H4, 26, 2, 298
3, SP90H2H3H4, 26, 3, 299
4, SP90 E2 Cell E, 13, 1, 270
4, SP90 E2 Cell E, 13, 2, 256
4, SP90 E2 Cell E, 13, 3, 330
5, J1J2J3SPSGMCHEVY2016, 27, 1, 308
5, J1J2J3SPSGMCHEVY2016, 27, 2, 309
5, J1J2J3SPSGMCHEVY2016, 27, 3, 310
6, Main Program to Call PFO Program, 1, 1, 27
7, Main Program to Call PFO Program, 1, 1, 27
8, Main Program to Call PFO Program, 1, 1, 27
9, Main Program to Call PFO Program, 1, 1, 27
10, Main Program to Call PFO Program, 1, 1, 27
11, Main Program to Call PFO Program, 1, 1, 27
12, SP90 D5 D6 D10 Cell E, 58, 1, 267
12, SP90 D5 D6 D10 Cell E, 58, 2, 264
12, SP90 D5 D6 D10 Cell E, 58, 3, 320
12, SP90 D5 D6 D10 Cell E, 58, 4, 262
13, Main Program to Call PFO Program, 1, 1, 27
14, SP90 B6 B9 B10 Cell E, 60, 1, 319
14, SP90 B6 B9 B10 Cell E, 60, 2, 251
14, SP90 B6 B9 B10 Cell E, 60, 3, 248
14, SP90 B6 B9 B10 Cell E, 60, 4, 253
15, Main Program to Call PFO Program, 1, 1, 27
16, Main Program to Call PFO Program, 1, 1, 27
17, Main Program to Call PFO Program, 1, 1, 27
18, Main Program to Call PFO Program, 1, 1, 27
