1, SP90 A27 A24 A31 A35 L75, 78, 1, 224
1, SP90 A27 A24 A31 A35 L75, 78, 2, 227
1, SP90 A27 A24 A31 A35 L75, 78, 3, 231
1, SP90 A27 A24 A31 A35 L75, 78, 4, 235
2, WDBGMC17-J2-J3, 80, 1, 481
2, WDBGMC17-J2-J3, 80, 2, 482
3, Main Program to Call PFO Program, 1, 1, 27
4, WDBGMC17-F4-F5-F6, 81, 1, 484
4, WDBGMC17-F4-F5-F6, 81, 2, 485
4, WDBGMC17-F4-F5-F6, 81, 3, 486
5, WDBGMC17-A39-A40-F11-F12-F13, 83, 1, 487
5, WDBGMC17-A39-A40-F11-F12-F13, 83, 2, 488
5, WDBGMC17-A39-A40-F11-F12-F13, 83, 3, 489
5, WDBGMC17-A39-A40-F11-F12-F13, 83, 4, 490
5, WDBGMC17-A39-A40-F11-F12-F13, 83, 5, 491
6, WDBGMC17-A41-A42-F8-F9-F10, 82, 1, 492
6, WDBGMC17-A41-A42-F8-F9-F10, 82, 2, 493
6, WDBGMC17-A41-A42-F8-F9-F10, 82, 3, 494
6, WDBGMC17-A41-A42-F8-F9-F10, 82, 4, 495
6, WDBGMC17-A41-A42-F8-F9-F10, 82, 5, 496
7, WDBGMC17-H2-H3, 79, 1, 497
7, WDBGMC17-H2-H3, 79, 2, 498
8, WDBGMC17-G5-H1, 77, 1, 499
8, WDBGMC17-G5-H1, 77, 2, 500
9, Main Program to Call PFO Program, 1, 1, 27
10, WDAGMC17-A20-A19-A24-A23, 75, 1, 502
10, WDAGMC17-A20-A19-A24-A23, 75, 2, 503
10, WDAGMC17-A20-A19-A24-A23, 75, 3, 504
10, WDAGMC17-A20-A19-A24-A23, 75, 4, 505
11, WDAGMC17-A25-A26-A18, 76, 1, 506
11, WDAGMC17-A25-A26-A18, 76, 2, 507
11, WDAGMC17-A25-A26-A18, 76, 3, 508
12, Main Program to Call PFO Program, 1, 1, 27
13, Main Program to Call PFO Program, 1, 1, 27
14, WDAGMC17-A27-A28 SP-A20-A24-A23, 71, 1, 511
14, WDAGMC17-A27-A28 SP-A20-A24-A23, 71, 2, 512
14, WDAGMC17-A27-A28 SP-A20-A24-A23, 71, 3, 513
14, WDAGMC17-A27-A28 SP-A20-A24-A23, 71, 4, 514
14, WDAGMC17-A27-A28 SP-A20-A24-A23, 71, 5, 515
15, WDAGMC17-A29-A30 SP-A25-A26-A17, 72, 1, 516
15, WDAGMC17-A29-A30 SP-A25-A26-A17, 72, 2, 517
15, WDAGMC17-A29-A30 SP-A25-A26-A17, 72, 3, 518
15, WDAGMC17-A29-A30 SP-A25-A26-A17, 72, 4, 519
15, WDAGMC17-A29-A30 SP-A25-A26-A17, 72, 5, 520
16, SPAGMC17-A39-A40-F11-F12-F13, 73, 1, 521
16, SPAGMC17-A39-A40-F11-F12-F13, 73, 2, 522
16, SPAGMC17-A39-A40-F11-F12-F13, 73, 3, 523
16, SPAGMC17-A39-A40-F11-F12-F13, 73, 4, 524
16, SPAGMC17-A39-A40-F11-F12-F13, 73, 5, 525
17, SPAGMC17-A41-A42-F8-F9-F10, 74, 1, 526
17, SPAGMC17-A41-A42-F8-F9-F10, 74, 2, 527
17, SPAGMC17-A41-A42-F8-F9-F10, 74, 3, 528
17, SPAGMC17-A41-A42-F8-F9-F10, 74, 4, 529
17, SPAGMC17-A41-A42-F8-F9-F10, 74, 5, 530
18, Main Program to Call PFO Program, 1, 1, 27
19, WDAGMC17-D3-D7, 85, 1, 532
19, WDAGMC17-D3-D7, 85, 2, 533
20, WDAGMC17-D2-D4, 84, 1, 534
20, WDAGMC17-D2-D4, 84, 2, 535
21, WDAGMC17-E1-E2, 89, 1, 536
21, WDAGMC17-E1-E2, 89, 2, 537
22, Main Program to Call PFO Program, 1, 1, 27
23, Main Program to Call PFO Program, 1, 1, 27
24, Main Program to Call PFO Program, 1, 1, 27
25, Main Program to Call PFO Program, 1, 1, 27
26, Main Program to Call PFO Program, 1, 1, 27
27, Main Program to Call PFO Program, 1, 1, 27
28, Main Program to Call PFO Program, 1, 1, 27
29, Main Program to Call PFO Program, 1, 1, 27
30, WDAGMC17-C1-C3, 88, 1, 546
30, WDAGMC17-C1-C3, 88, 2, 547
31, WDAGMC17-B3-B7, 86, 1, 548
31, WDAGMC17-B3-B7, 86, 2, 549
32, WDAGMC17-B2-B6, 87, 1, 550
32, WDAGMC17-B2-B6, 87, 2, 551
