1, Call PFO Without Trans Chevy2016LD, 131, 1, 27
2, Call PFO Without Trans Chevy2016LD, 131, 1, 27
3, Call PFO Without Trans Chevy2016LD, 131, 1, 27
4, WDCHEVY16A7A11, 136, 1, 607
4, WDCHEVY16A7A11, 136, 2, 611
5, WDCHEVY16A2A6, 137, 1, 602
5, WDCHEVY16A2A6, 137, 2, 606
6, Call PFO Without Trans Chevy2016LD, 131, 1, 27
7, Call PFO Without Trans Chevy2016LD, 131, 1, 27
8, Call PFO Without Trans Chevy2016LD, 131, 1, 27
9, Call PFO Without Trans Chevy2016LD, 131, 1, 27
10, Call PFO Without Trans Chevy2016LD, 131, 1, 27
11, WDAGM16ChevB6-9-10-11SPAI3-4, 168, 1, 652
11, WDAGM16ChevB6-9-10-11SPAI3-4, 168, 2, 655
11, WDAGM16ChevB6-9-10-11SPAI3-4, 168, 3, 656
11, WDAGM16ChevB6-9-10-11SPAI3-4, 168, 4, 657
11, WDAGM16ChevB6-9-10-11SPAI3-4, 168, 5, 867
11, WDAGM16ChevB6-9-10-11SPAI3-4, 168, 6, 868
12, Call PFO Without Trans Chevy2016LD, 131, 1, 27
13, WDAGM16ChevJ2-3-4SPAJ5-7, 167, 1, 724
13, WDAGM16ChevJ2-3-4SPAJ5-7, 167, 2, 723
13, WDAGM16ChevJ2-3-4SPAJ5-7, 167, 3, 730
13, WDAGM16ChevJ2-3-4SPAJ5-7, 167, 4, 876
13, WDAGM16ChevJ2-3-4SPAJ5-7, 167, 5, 878
14, Call PFO Without Trans Chevy2016LD, 131, 1, 27
15, WDAGM16ChevJ5-7, 169, 1, 726
15, WDAGM16ChevJ5-7, 169, 2, 728
16, WDAGM16ChevI3-4, 170, 1, 719
16, WDAGM16ChevI3-4, 170, 2, 718
17, Call PFO Without Trans Chevy2016LD, 131, 1, 27
18, Call PFO Without Trans Chevy2016LD, 131, 1, 27
19, WDAGM16ChevG3-4, 172, 1, 704
19, WDAGM16ChevG3-4, 172, 2, 705
20, WDAGM16ChevH5-7, 173, 1, 713
20, WDAGM16ChevH5-7, 173, 2, 715
21, Call PFO Without Trans Chevy2016LD, 131, 1, 27
22, WDAGM16ChevH2-4SPAH5-7, 165, 1, 710
22, WDAGM16ChevH2-4SPAH5-7, 165, 2, 711
22, WDAGM16ChevH2-4SPAH5-7, 165, 3, 712
22, WDAGM16ChevH2-4SPAH5-7, 165, 4, 863
22, WDAGM16ChevH2-4SPAH5-7, 165, 5, 865
23, Call PFO Without Trans Chevy2016LD, 131, 1, 27
24, Call PFO Without Trans Chevy2016LD, 131, 1, 27
25, Call PFO Without Trans Chevy2016LD, 131, 1, 27
26, Call PFO Without Trans Chevy2016LD, 131, 1, 27
27, WDAGM16ChevA27-A31, 164, 1, 631
27, WDAGM16ChevA27-A31, 164, 2, 627
28, WDAGM16ChevA32-36, 163, 1, 746
28, WDAGM16ChevA32-36, 163, 2, 745
29, Call PFO Without Trans Chevy2016LD, 131, 1, 27
30, Call PFO Without Trans Chevy2016LD, 131, 1, 27
31, Call PFO Without Trans Chevy2016LD, 131, 1, 27
32, Call PFO Without Trans Chevy2016LD, 131, 1, 27
33, WDAGM16ChevD6-9-10-11SPAG3-4, 166, 1, 668
33, WDAGM16ChevD6-9-10-11SPAG3-4, 166, 2, 669
33, WDAGM16ChevD6-9-10-11SPAG3-4, 166, 3, 672
33, WDAGM16ChevD6-9-10-11SPAG3-4, 166, 4, 673
33, WDAGM16ChevD6-9-10-11SPAG3-4, 166, 5, 854
34, Call PFO Without Trans Chevy2016LD, 131, 1, 27
35, WDAGM16ChevE2E3SPAE4E5H6, 174, 1, 676
35, WDAGM16ChevE2E3SPAE4E5H6, 174, 2, 825
35, WDAGM16ChevE2E3SPAE4E5H6, 174, 3, 877
36, WDACHEVY16D1D4SPD2D3, 175, 1, 666
36, WDACHEVY16D1D4SPD2D3, 175, 2, 667
37, WDCHEVY16A28A2930A33A34A35, 133, 1, 628
38, WDCHEVYA23A24, 134, 1, 625
38, WDCHEVYA23A24, 134, 2, 626
39, WDCHEVY16A3A4A5A8A9A10, 135, 1, 603
40, WDAGM16ChevB1-4SPAB2-B3, 176, 1, 647
40, WDAGM16ChevB1-4SPAB2-B3, 176, 2, 650
41, WDAGM16ChevC2-3SPAC4-5J6, 177, 1, 660
41, WDAGM16ChevC2-3SPAC4-5J6, 177, 2, 811
41, WDAGM16ChevC2-3SPAC4-5J6, 177, 3, 875
